BENCHMARK, START_STVARS, LTL2SMV_STVARS, LTL2SMV_TIME, CIRCUIT_STVARS, CIRCUIT_TIME
"benchmarks_wbs/wbs_arch1.ltl_100.vmt", 153, 158, 1.139, 177, 1.042
"benchmarks_wbs/wbs_arch1.ltl_101.vmt", 153, 158, 0.436, 177, 0.999
"benchmarks_wbs/wbs_arch1.ltl_102.vmt", 153, 158, 1.228, 177, 0.837
"benchmarks_wbs/wbs_arch1.ltl_103.vmt", 153, 158, 0.479, 177, 0.963
"benchmarks_wbs/wbs_arch1.ltl_104.vmt", 153, 158, 1.094, 177, 0.776
"benchmarks_wbs/wbs_arch1.ltl_105.vmt", 153, 158, 0.429, 177, 0.901
"benchmarks_wbs/wbs_arch1.ltl_106.vmt", 16, 20, 0.103, 237, 4.732
"benchmarks_wbs/wbs_arch1.ltl_10.vmt", 83, 89, 0.199, 483, 15.998
"benchmarks_wbs/wbs_arch1.ltl_11.vmt", 83, 89, 0.203, 483, 15.121
"benchmarks_wbs/wbs_arch1.ltl_12.vmt", 83, 89, 0.200, 483, 13.896
"benchmarks_wbs/wbs_arch1.ltl_13.vmt", 83, 89, 0.220, 483, 14.886
"benchmarks_wbs/wbs_arch1.ltl_14.vmt", 83, 89, 0.537, 665, 20.375
"benchmarks_wbs/wbs_arch1.ltl_15.vmt", 83, 89, 0.773, 665, 21.045
"benchmarks_wbs/wbs_arch1.ltl_16.vmt", 83, 89, 0.261, 491, 14.676
"benchmarks_wbs/wbs_arch1.ltl_17.vmt", 83, 89, 0.547, 491, 19.603
"benchmarks_wbs/wbs_arch1.ltl_18.vmt", 83, 89, 0.280, 491, 19.990
"benchmarks_wbs/wbs_arch1.ltl_19.vmt", 83, 89, 0.613, 491, 23.175
"benchmarks_wbs/wbs_arch1.ltl_1.vmt", 83, 89, 1.553, 915, 58.425
"benchmarks_wbs/wbs_arch1.ltl_20.vmt", 83, 89, 0.288, 491, 15.918
"benchmarks_wbs/wbs_arch1.ltl_21.vmt", 83, 89, 0.701, 491, 19.611
"benchmarks_wbs/wbs_arch1.ltl_22.vmt", 83, 89, 0.405, 491, 17.488
"benchmarks_wbs/wbs_arch1.ltl_23.vmt", 83, 89, 0.775, 491, 19.538
"benchmarks_wbs/wbs_arch1.ltl_24.vmt", 83, 89, 0.388, 491, 14.818
"benchmarks_wbs/wbs_arch1.ltl_25.vmt", 83, 89, 0.689, 491, 18.050
"benchmarks_wbs/wbs_arch1.ltl_26.vmt", 83, 89, 0.403, 491, 16.086
"benchmarks_wbs/wbs_arch1.ltl_27.vmt", 83, 89, 0.691, 491, 17.920
"benchmarks_wbs/wbs_arch1.ltl_28.vmt", 83, 89, 0.321, 491, 20.985
"benchmarks_wbs/wbs_arch1.ltl_29.vmt", 83, 89, 0.684, 491, 20.239
"benchmarks_wbs/wbs_arch1.ltl_2.vmt", 83, 89, 215.883, 921, 82.316
"benchmarks_wbs/wbs_arch1.ltl_30.vmt", 83, 89, 0.285, 491, 16.006
"benchmarks_wbs/wbs_arch1.ltl_31.vmt", 83, 89, 0.720, 491, 17.785
"benchmarks_wbs/wbs_arch1.ltl_32.vmt", 32, 36, 2.064, 525, 16.458
"benchmarks_wbs/wbs_arch1.ltl_33.vmt", 32, 36, 0.101, 533, 16.477
"benchmarks_wbs/wbs_arch1.ltl_34.vmt", 32, 36, 0.130, 533, 16.279
"benchmarks_wbs/wbs_arch1.ltl_35.vmt", 32, 36, 0.130, 533, 15.165
"benchmarks_wbs/wbs_arch1.ltl_36.vmt", 32, 36, 0.162, 533, 13.586
"benchmarks_wbs/wbs_arch1.ltl_37.vmt", 32, 36, 0.135, 533, 13.713
"benchmarks_wbs/wbs_arch1.ltl_38.vmt", 32, 36, 0.173, 533, 13.620
"benchmarks_wbs/wbs_arch1.ltl_39.vmt", 32, 36, 0.117, 533, 13.439
"benchmarks_wbs/wbs_arch1.ltl_3.vmt", 83, 89, 35.831, 921, 71.340
"benchmarks_wbs/wbs_arch1.ltl_40.vmt", 32, 36, 0.136, 533, 13.955
"benchmarks_wbs/wbs_arch1.ltl_41.vmt", 32, 36, 0.133, 529, 15.795
"benchmarks_wbs/wbs_arch1.ltl_42.vmt", 32, 36, 0.159, 529, 15.798
"benchmarks_wbs/wbs_arch1.ltl_43.vmt", 32, 36, 0.122, 529, 15.533
"benchmarks_wbs/wbs_arch1.ltl_44.vmt", 32, 36, 0.144, 529, 15.119
"benchmarks_wbs/wbs_arch1.ltl_45.vmt", 32, 36, 0.121, 529, 15.769
"benchmarks_wbs/wbs_arch1.ltl_46.vmt", 32, 36, 0.158, 529, 15.898
"benchmarks_wbs/wbs_arch1.ltl_47.vmt", 32, 36, 0.139, 529, 15.589
"benchmarks_wbs/wbs_arch1.ltl_48.vmt", 32, 36, 0.095, 529, 15.133
"benchmarks_wbs/wbs_arch1.ltl_49.vmt", 32, 32, 0.019, 35, 0.356
"benchmarks_wbs/wbs_arch1.ltl_4.vmt", 83, 89, 74.176, 851, 49.898
"benchmarks_wbs/wbs_arch1.ltl_50.vmt", 32, 32, 0.017, 35, 0.336
"benchmarks_wbs/wbs_arch1.ltl_51.vmt", 32, 32, 0.018, 35, 0.340
"benchmarks_wbs/wbs_arch1.ltl_52.vmt", 32, 32, 0.011, 35, 0.338
"benchmarks_wbs/wbs_arch1.ltl_53.vmt", 32, 32, 0.017, 35, 0.335
"benchmarks_wbs/wbs_arch1.ltl_54.vmt", 32, 32, 0.016, 35, 0.333
"benchmarks_wbs/wbs_arch1.ltl_55.vmt", 32, 32, 0.016, 35, 0.341
"benchmarks_wbs/wbs_arch1.ltl_56.vmt", 32, 32, 0.014, 35, 0.335
"benchmarks_wbs/wbs_arch1.ltl_57.vmt", 32, 32, 0.010, 35, 0.336
"benchmarks_wbs/wbs_arch1.ltl_58.vmt", 32, 32, 0.016, 35, 0.329
"benchmarks_wbs/wbs_arch1.ltl_59.vmt", 32, 32, 0.023, 35, 0.340
"benchmarks_wbs/wbs_arch1.ltl_5.vmt", 83, 89, 20.463, 819, 54.396
"benchmarks_wbs/wbs_arch1.ltl_60.vmt", 32, 32, 0.016, 35, 0.342
"benchmarks_wbs/wbs_arch1.ltl_61.vmt", 32, 32, 0.016, 35, 0.335
"benchmarks_wbs/wbs_arch1.ltl_62.vmt", 32, 32, 0.018, 35, 0.332
"benchmarks_wbs/wbs_arch1.ltl_63.vmt", 32, 32, 0.011, 35, 0.336
"benchmarks_wbs/wbs_arch1.ltl_64.vmt", 32, 32, 0.016, 35, 0.334
"benchmarks_wbs/wbs_arch1.ltl_65.vmt", 32, 32, 0.016, 35, 0.336
"benchmarks_wbs/wbs_arch1.ltl_66.vmt", 31, 35, 0.166, 84, 0.549
"benchmarks_wbs/wbs_arch1.ltl_67.vmt", 31, 35, 0.151, 84, 0.461
"benchmarks_wbs/wbs_arch1.ltl_68.vmt", 31, 35, 0.140, 84, 0.466
"benchmarks_wbs/wbs_arch1.ltl_69.vmt", 31, 35, 0.143, 84, 0.459
"benchmarks_wbs/wbs_arch1.ltl_6.vmt", 83, 89, 0.250, 483, 15.065
"benchmarks_wbs/wbs_arch1.ltl_70.vmt", 31, 35, 0.151, 84, 0.473
"benchmarks_wbs/wbs_arch1.ltl_71.vmt", 31, 35, 0.141, 84, 0.460
"benchmarks_wbs/wbs_arch1.ltl_72.vmt", 31, 35, 0.145, 84, 0.462
"benchmarks_wbs/wbs_arch1.ltl_73.vmt", 31, 35, 0.148, 84, 0.464
"benchmarks_wbs/wbs_arch1.ltl_74.vmt", 31, 35, 0.128, 84, 0.532
"benchmarks_wbs/wbs_arch1.ltl_75.vmt", 31, 35, 0.125, 84, 0.527
"benchmarks_wbs/wbs_arch1.ltl_76.vmt", 31, 35, 0.132, 84, 0.513
"benchmarks_wbs/wbs_arch1.ltl_77.vmt", 31, 35, 0.170, 84, 0.523
"benchmarks_wbs/wbs_arch1.ltl_78.vmt", 31, 35, 0.155, 84, 0.524
"benchmarks_wbs/wbs_arch1.ltl_79.vmt", 31, 35, 0.124, 84, 0.518
"benchmarks_wbs/wbs_arch1.ltl_7.vmt", 83, 89, 0.247, 483, 15.181
"benchmarks_wbs/wbs_arch1.ltl_80.vmt", 31, 35, 0.132, 84, 0.524
"benchmarks_wbs/wbs_arch1.ltl_81.vmt", 31, 35, 0.114, 84, 0.517
"benchmarks_wbs/wbs_arch1.ltl_82.vmt", 9, 9, 0.015, 12, 0.109
"benchmarks_wbs/wbs_arch1.ltl_83.vmt", 152, 156, 0.575, 2957, 488.930
"benchmarks_wbs/wbs_arch1.ltl_84.vmt", 152, 156, 0.533, 2957, 488.581
"benchmarks_wbs/wbs_arch1.ltl_85.vmt", 152, 156, 0.600, 2957, 473.830
"benchmarks_wbs/wbs_arch1.ltl_86.vmt", 153, 158, 0.588, 271, 5.001
"benchmarks_wbs/wbs_arch1.ltl_87.vmt", 153, 158, 0.588, 255, 3.508
"benchmarks_wbs/wbs_arch1.ltl_88.vmt", 153, 158, 20.277, 219, 2.098
"benchmarks_wbs/wbs_arch1.ltl_89.vmt", 153, 158, 19.623, 219, 1.664
"benchmarks_wbs/wbs_arch1.ltl_8.vmt", 83, 89, 0.236, 483, 14.065
"benchmarks_wbs/wbs_arch1.ltl_90.vmt", 153, 158, 1.288, 177, 0.649
"benchmarks_wbs/wbs_arch1.ltl_91.vmt", 153, 158, 0.514, 177, 0.744
"benchmarks_wbs/wbs_arch1.ltl_92.vmt", 153, 158, 0.991, 177, 0.638
"benchmarks_wbs/wbs_arch1.ltl_93.vmt", 153, 158, 0.504, 177, 0.769
"benchmarks_wbs/wbs_arch1.ltl_94.vmt", 153, 158, 1.143, 177, 0.637
"benchmarks_wbs/wbs_arch1.ltl_95.vmt", 153, 158, 0.521, 177, 0.741
"benchmarks_wbs/wbs_arch1.ltl_96.vmt", 153, 158, 1.106, 177, 0.648
"benchmarks_wbs/wbs_arch1.ltl_97.vmt", 153, 158, 0.484, 177, 0.757
"benchmarks_wbs/wbs_arch1.ltl_98.vmt", 153, 158, 1.117, 177, 0.623
"benchmarks_wbs/wbs_arch1.ltl_99.vmt", 153, 158, 0.497, 177, 0.752
"benchmarks_wbs/wbs_arch1.ltl_9.vmt", 83, 89, 0.242, 483, 14.375
"benchmarks_wbs/wbs_arch2.ltl_100.vmt", 150, 155, 0.321, 268, 6.335
"benchmarks_wbs/wbs_arch2.ltl_101.vmt", 150, 155, 0.324, 252, 5.427
"benchmarks_wbs/wbs_arch2.ltl_102.vmt", 149, 153, 0.987, 1910, 334.312
"benchmarks_wbs/wbs_arch2.ltl_103.vmt", 149, 153, 1.225, 1910, 306.700
"benchmarks_wbs/wbs_arch2.ltl_104.vmt", 150, 155, 0.487, 190, 2.027
"benchmarks_wbs/wbs_arch2.ltl_105.vmt", 150, 157, 0.489, 201, 2.547
"benchmarks_wbs/wbs_arch2.ltl_106.vmt", 150, 155, 0.444, 190, 2.241
"benchmarks_wbs/wbs_arch2.ltl_107.vmt", 150, 157, 0.551, 201, 2.621
"benchmarks_wbs/wbs_arch2.ltl_108.vmt", 150, 155, 0.407, 190, 1.247
"benchmarks_wbs/wbs_arch2.ltl_109.vmt", 150, 157, 0.449, 201, 1.545
"benchmarks_wbs/wbs_arch2.ltl_10.vmt", 89, 103, 1.478, 589, 22.975
"benchmarks_wbs/wbs_arch2.ltl_110.vmt", 150, 155, 0.525, 190, 2.155
"benchmarks_wbs/wbs_arch2.ltl_111.vmt", 150, 157, 0.451, 201, 2.484
"benchmarks_wbs/wbs_arch2.ltl_112.vmt", 150, 155, 0.512, 190, 1.308
"benchmarks_wbs/wbs_arch2.ltl_113.vmt", 150, 157, 0.444, 201, 1.568
"benchmarks_wbs/wbs_arch2.ltl_114.vmt", 150, 155, 0.450, 190, 2.356
"benchmarks_wbs/wbs_arch2.ltl_115.vmt", 150, 157, 0.630, 201, 2.615
"benchmarks_wbs/wbs_arch2.ltl_116.vmt", 150, 155, 0.952, 190, 1.998
"benchmarks_wbs/wbs_arch2.ltl_117.vmt", 150, 157, 0.804, 201, 2.392
"benchmarks_wbs/wbs_arch2.ltl_118.vmt", 150, 155, 0.801, 190, 2.308
"benchmarks_wbs/wbs_arch2.ltl_119.vmt", 150, 157, 0.896, 201, 2.455
"benchmarks_wbs/wbs_arch2.ltl_120.vmt", 149, 153, 0.713, 350, 13.358
"benchmarks_wbs/wbs_arch2.ltl_121.vmt", 44, 44, 0.036, 47, 1.366
"benchmarks_wbs/wbs_arch2.ltl_122.vmt", 44, 44, 0.022, 47, 1.126
"benchmarks_wbs/wbs_arch2.ltl_123.vmt", 44, 44, 0.026, 47, 0.867
"benchmarks_wbs/wbs_arch2.ltl_124.vmt", 44, 44, 0.019, 47, 1.036
"benchmarks_wbs/wbs_arch2.ltl_125.vmt", 44, 44, 0.022, 47, 1.309
"benchmarks_wbs/wbs_arch2.ltl_126.vmt", 44, 44, 0.025, 47, 1.140
"benchmarks_wbs/wbs_arch2.ltl_127.vmt", 44, 44, 0.019, 47, 0.641
"benchmarks_wbs/wbs_arch2.ltl_128.vmt", 44, 44, 0.029, 47, 0.964
"benchmarks_wbs/wbs_arch2.ltl_129.vmt", 42, 46, 0.256, 231, 11.890
"benchmarks_wbs/wbs_arch2.ltl_12.vmt", 89, 103, 2.424, 589, 38.105
"benchmarks_wbs/wbs_arch2.ltl_130.vmt", 42, 46, 0.271, 231, 9.009
"benchmarks_wbs/wbs_arch2.ltl_131.vmt", 42, 46, 0.285, 231, 9.929
"benchmarks_wbs/wbs_arch2.ltl_132.vmt", 42, 46, 0.467, 231, 8.262
"benchmarks_wbs/wbs_arch2.ltl_133.vmt", 28, 32, 0.243, 445, 27.341
"benchmarks_wbs/wbs_arch2.ltl_14.vmt", 89, 103, 1.962, 589, 34.827
"benchmarks_wbs/wbs_arch2.ltl_16.vmt", 89, 103, 2.090, 589, 39.822
"benchmarks_wbs/wbs_arch2.ltl_18.vmt", 89, 103, 1.730, 589, 36.872
"benchmarks_wbs/wbs_arch2.ltl_1.vmt", 89, 95, 4.754, 1081, 183.149
"benchmarks_wbs/wbs_arch2.ltl_20.vmt", 89, 103, 1.659, 589, 33.839
"benchmarks_wbs/wbs_arch2.ltl_22.vmt", 89, 95, 1.125, 801, 58.320
"benchmarks_wbs/wbs_arch2.ltl_23.vmt", 89, 95, 1.160, 801, 60.597
"benchmarks_wbs/wbs_arch2.ltl_24.vmt", 89, 95, 0.309, 655, 36.229
"benchmarks_wbs/wbs_arch2.ltl_25.vmt", 89, 113, 5.098, 696, 38.545
"benchmarks_wbs/wbs_arch2.ltl_28.vmt", 89, 95, 0.642, 655, 40.580
"benchmarks_wbs/wbs_arch2.ltl_29.vmt", 89, 113, 7.571, 696, 47.076
"benchmarks_wbs/wbs_arch2.ltl_2.vmt", 89, 95, 35.598, 1081, 107.480
"benchmarks_wbs/wbs_arch2.ltl_32.vmt", 89, 95, 0.299, 655, 33.083
"benchmarks_wbs/wbs_arch2.ltl_33.vmt", 89, 113, 4.531, 696, 44.662
"benchmarks_wbs/wbs_arch2.ltl_36.vmt", 89, 95, 0.408, 655, 34.467
"benchmarks_wbs/wbs_arch2.ltl_37.vmt", 89, 113, 3.731, 696, 47.012
"benchmarks_wbs/wbs_arch2.ltl_3.vmt", 89, 95, 85.819, 1081, 165.481
"benchmarks_wbs/wbs_arch2.ltl_40.vmt", 89, 95, 0.554, 655, 29.713
"benchmarks_wbs/wbs_arch2.ltl_41.vmt", 89, 113, 6.259, 696, 49.733
"benchmarks_wbs/wbs_arch2.ltl_44.vmt", 89, 95, 0.424, 655, 32.079
"benchmarks_wbs/wbs_arch2.ltl_45.vmt", 89, 113, 6.149, 696, 49.327
"benchmarks_wbs/wbs_arch2.ltl_48.vmt", 89, 95, 0.456, 655, 44.975
"benchmarks_wbs/wbs_arch2.ltl_49.vmt", 89, 113, 6.656, 696, 53.241
"benchmarks_wbs/wbs_arch2.ltl_4.vmt", 89, 95, 70.932, 901, 144.783
"benchmarks_wbs/wbs_arch2.ltl_52.vmt", 89, 95, 0.420, 655, 43.640
"benchmarks_wbs/wbs_arch2.ltl_53.vmt", 89, 113, 4.032, 696, 51.786
"benchmarks_wbs/wbs_arch2.ltl_56.vmt", 55, 59, 0.531, 1258, 180.320
"benchmarks_wbs/wbs_arch2.ltl_57.vmt", 55, 59, 0.647, 1258, 152.278
"benchmarks_wbs/wbs_arch2.ltl_58.vmt", 55, 59, 1.759, 1430, 191.931
"benchmarks_wbs/wbs_arch2.ltl_59.vmt", 55, 59, 0.298, 978, 166.455
"benchmarks_wbs/wbs_arch2.ltl_5.vmt", 89, 95, 77.919, 869, 70.073
"benchmarks_wbs/wbs_arch2.ltl_60.vmt", 55, 59, 0.611, 978, 129.559
"benchmarks_wbs/wbs_arch2.ltl_61.vmt", 55, 59, 0.380, 978, 159.041
"benchmarks_wbs/wbs_arch2.ltl_62.vmt", 55, 59, 0.383, 978, 144.775
"benchmarks_wbs/wbs_arch2.ltl_63.vmt", 55, 59, 0.378, 978, 136.608
"benchmarks_wbs/wbs_arch2.ltl_64.vmt", 55, 59, 0.423, 978, 139.303
"benchmarks_wbs/wbs_arch2.ltl_65.vmt", 55, 59, 0.308, 978, 126.586
"benchmarks_wbs/wbs_arch2.ltl_66.vmt", 55, 59, 0.493, 978, 143.845
"benchmarks_wbs/wbs_arch2.ltl_67.vmt", 55, 59, 0.393, 978, 117.171
"benchmarks_wbs/wbs_arch2.ltl_68.vmt", 55, 59, 0.419, 978, 138.349
"benchmarks_wbs/wbs_arch2.ltl_69.vmt", 55, 59, 0.259, 978, 124.568
"benchmarks_wbs/wbs_arch2.ltl_6.vmt", 89, 103, 1.824, 589, 22.069
"benchmarks_wbs/wbs_arch2.ltl_70.vmt", 55, 59, 0.278, 978, 106.151
"benchmarks_wbs/wbs_arch2.ltl_71.vmt", 28, 28, 0.018, 31, 0.341
"benchmarks_wbs/wbs_arch2.ltl_72.vmt", 28, 28, 0.019, 31, 0.348
"benchmarks_wbs/wbs_arch2.ltl_73.vmt", 28, 28, 0.022, 31, 0.345
"benchmarks_wbs/wbs_arch2.ltl_74.vmt", 28, 28, 0.024, 31, 0.564
"benchmarks_wbs/wbs_arch2.ltl_75.vmt", 28, 28, 0.019, 31, 0.571
"benchmarks_wbs/wbs_arch2.ltl_76.vmt", 28, 28, 0.018, 31, 0.558
"benchmarks_wbs/wbs_arch2.ltl_77.vmt", 28, 28, 0.018, 31, 0.548
"benchmarks_wbs/wbs_arch2.ltl_78.vmt", 28, 28, 0.017, 31, 0.573
"benchmarks_wbs/wbs_arch2.ltl_79.vmt", 28, 28, 0.015, 31, 0.575
"benchmarks_wbs/wbs_arch2.ltl_80.vmt", 28, 28, 0.021, 31, 0.565
"benchmarks_wbs/wbs_arch2.ltl_81.vmt", 28, 28, 0.022, 31, 0.554
"benchmarks_wbs/wbs_arch2.ltl_82.vmt", 28, 28, 0.019, 31, 0.574
"benchmarks_wbs/wbs_arch2.ltl_83.vmt", 28, 28, 0.022, 31, 0.612
"benchmarks_wbs/wbs_arch2.ltl_84.vmt", 27, 31, 0.211, 128, 2.906
"benchmarks_wbs/wbs_arch2.ltl_85.vmt", 27, 31, 0.219, 128, 2.555
"benchmarks_wbs/wbs_arch2.ltl_86.vmt", 27, 31, 0.218, 128, 2.414
"benchmarks_wbs/wbs_arch2.ltl_87.vmt", 27, 31, 0.221, 128, 2.480
"benchmarks_wbs/wbs_arch2.ltl_88.vmt", 27, 31, 0.199, 128, 2.089
"benchmarks_wbs/wbs_arch2.ltl_89.vmt", 27, 31, 0.155, 128, 2.655
"benchmarks_wbs/wbs_arch2.ltl_8.vmt", 89, 103, 2.571, 589, 25.575
"benchmarks_wbs/wbs_arch2.ltl_90.vmt", 27, 31, 0.192, 128, 1.434
"benchmarks_wbs/wbs_arch2.ltl_91.vmt", 27, 31, 0.153, 128, 2.507
"benchmarks_wbs/wbs_arch2.ltl_92.vmt", 27, 31, 0.134, 128, 2.528
"benchmarks_wbs/wbs_arch2.ltl_93.vmt", 27, 31, 0.199, 128, 2.545
"benchmarks_wbs/wbs_arch2.ltl_94.vmt", 27, 31, 0.188, 128, 2.324
"benchmarks_wbs/wbs_arch2.ltl_95.vmt", 27, 31, 0.215, 128, 2.725
"benchmarks_wbs/wbs_arch2.ltl_96.vmt", 14, 18, 0.165, 183, 3.522
"benchmarks_wbs/wbs_arch2.ltl_97.vmt", 149, 153, 0.955, 2206, 612.363
"benchmarks_wbs/wbs_arch2.ltl_98.vmt", 149, 153, 1.395, 2206, 614.169
"benchmarks_wbs/wbs_arch2.ltl_99.vmt", 149, 153, 1.181, 2206, 455.872
"benchmarks_wbs/wbs_arch2bis.ltl_100.vmt", 150, 155, 0.809, 268, 6.335
"benchmarks_wbs/wbs_arch2bis.ltl_101.vmt", 150, 155, 0.519, 252, 7.300
"benchmarks_wbs/wbs_arch2bis.ltl_102.vmt", 149, 153, 1.250, 1918, 313.984
"benchmarks_wbs/wbs_arch2bis.ltl_103.vmt", 149, 153, 2.024, 1918, 306.502
"benchmarks_wbs/wbs_arch2bis.ltl_104.vmt", 150, 155, 0.693, 194, 2.262
"benchmarks_wbs/wbs_arch2bis.ltl_105.vmt", 150, 157, 0.870, 205, 2.654
"benchmarks_wbs/wbs_arch2bis.ltl_106.vmt", 150, 155, 0.929, 194, 2.285
"benchmarks_wbs/wbs_arch2bis.ltl_107.vmt", 150, 157, 0.826, 205, 2.830
"benchmarks_wbs/wbs_arch2bis.ltl_108.vmt", 150, 155, 1.020, 194, 2.330
"benchmarks_wbs/wbs_arch2bis.ltl_109.vmt", 150, 157, 0.822, 205, 2.565
"benchmarks_wbs/wbs_arch2bis.ltl_10.vmt", 89, 103, 1.331, 593, 33.506
"benchmarks_wbs/wbs_arch2bis.ltl_110.vmt", 150, 155, 0.720, 194, 1.685
"benchmarks_wbs/wbs_arch2bis.ltl_111.vmt", 150, 157, 0.584, 205, 1.573
"benchmarks_wbs/wbs_arch2bis.ltl_112.vmt", 150, 155, 0.636, 194, 1.408
"benchmarks_wbs/wbs_arch2bis.ltl_113.vmt", 150, 157, 0.827, 205, 2.263
"benchmarks_wbs/wbs_arch2bis.ltl_114.vmt", 150, 155, 0.585, 194, 2.236
"benchmarks_wbs/wbs_arch2bis.ltl_115.vmt", 150, 157, 0.635, 205, 1.607
"benchmarks_wbs/wbs_arch2bis.ltl_116.vmt", 150, 155, 1.004, 194, 2.080
"benchmarks_wbs/wbs_arch2bis.ltl_117.vmt", 150, 157, 0.541, 205, 1.672
"benchmarks_wbs/wbs_arch2bis.ltl_118.vmt", 150, 155, 0.636, 194, 1.518
"benchmarks_wbs/wbs_arch2bis.ltl_119.vmt", 150, 157, 0.623, 205, 2.890
"benchmarks_wbs/wbs_arch2bis.ltl_120.vmt", 149, 153, 0.818, 350, 15.594
"benchmarks_wbs/wbs_arch2bis.ltl_121.vmt", 44, 44, 0.021, 47, 1.204
"benchmarks_wbs/wbs_arch2bis.ltl_122.vmt", 44, 44, 0.022, 47, 1.151
"benchmarks_wbs/wbs_arch2bis.ltl_123.vmt", 44, 44, 0.019, 47, 1.449
"benchmarks_wbs/wbs_arch2bis.ltl_124.vmt", 44, 44, 0.022, 47, 0.761
"benchmarks_wbs/wbs_arch2bis.ltl_125.vmt", 44, 44, 0.017, 47, 1.133
"benchmarks_wbs/wbs_arch2bis.ltl_126.vmt", 44, 44, 0.016, 47, 1.174
"benchmarks_wbs/wbs_arch2bis.ltl_127.vmt", 44, 44, 0.018, 47, 0.852
"benchmarks_wbs/wbs_arch2bis.ltl_128.vmt", 44, 44, 0.020, 47, 1.380
"benchmarks_wbs/wbs_arch2bis.ltl_129.vmt", 42, 46, 0.412, 231, 10.269
"benchmarks_wbs/wbs_arch2bis.ltl_12.vmt", 89, 103, 1.412, 593, 38.647
"benchmarks_wbs/wbs_arch2bis.ltl_130.vmt", 42, 46, 0.275, 231, 9.698
"benchmarks_wbs/wbs_arch2bis.ltl_131.vmt", 42, 46, 0.348, 231, 12.180
"benchmarks_wbs/wbs_arch2bis.ltl_132.vmt", 42, 46, 0.294, 231, 12.276
"benchmarks_wbs/wbs_arch2bis.ltl_133.vmt", 28, 32, 0.267, 445, 18.394
"benchmarks_wbs/wbs_arch2bis.ltl_14.vmt", 89, 103, 1.773, 593, 33.650
"benchmarks_wbs/wbs_arch2bis.ltl_16.vmt", 89, 103, 2.986, 593, 36.788
"benchmarks_wbs/wbs_arch2bis.ltl_18.vmt", 89, 103, 1.437, 593, 28.632
"benchmarks_wbs/wbs_arch2bis.ltl_1.vmt", 89, 95, 12.838, 1117, 176.832
"benchmarks_wbs/wbs_arch2bis.ltl_20.vmt", 89, 103, 1.080, 593, 38.447
"benchmarks_wbs/wbs_arch2bis.ltl_22.vmt", 89, 95, 0.681, 821, 75.816
"benchmarks_wbs/wbs_arch2bis.ltl_23.vmt", 89, 95, 0.691, 821, 78.957
"benchmarks_wbs/wbs_arch2bis.ltl_24.vmt", 89, 95, 0.302, 665, 32.048
"benchmarks_wbs/wbs_arch2bis.ltl_25.vmt", 89, 113, 2.304, 706, 42.895
"benchmarks_wbs/wbs_arch2bis.ltl_28.vmt", 89, 95, 0.285, 665, 38.720
"benchmarks_wbs/wbs_arch2bis.ltl_29.vmt", 89, 113, 2.245, 706, 31.602
"benchmarks_wbs/wbs_arch2bis.ltl_2.vmt", 89, 95, 78.862, 1117, 172.141
"benchmarks_wbs/wbs_arch2bis.ltl_32.vmt", 89, 95, 0.364, 665, 32.312
"benchmarks_wbs/wbs_arch2bis.ltl_33.vmt", 89, 113, 2.693, 706, 46.017
"benchmarks_wbs/wbs_arch2bis.ltl_36.vmt", 89, 95, 0.414, 665, 41.496
"benchmarks_wbs/wbs_arch2bis.ltl_37.vmt", 89, 113, 2.610, 706, 38.493
"benchmarks_wbs/wbs_arch2bis.ltl_3.vmt", 89, 95, 88.086, 1117, 185.223
"benchmarks_wbs/wbs_arch2bis.ltl_40.vmt", 89, 95, 0.308, 665, 40.337
"benchmarks_wbs/wbs_arch2bis.ltl_41.vmt", 89, 113, 1.712, 706, 39.485
"benchmarks_wbs/wbs_arch2bis.ltl_44.vmt", 89, 95, 0.273, 665, 44.111
"benchmarks_wbs/wbs_arch2bis.ltl_45.vmt", 89, 113, 1.727, 706, 55.226
"benchmarks_wbs/wbs_arch2bis.ltl_48.vmt", 89, 95, 0.271, 665, 43.666
"benchmarks_wbs/wbs_arch2bis.ltl_49.vmt", 89, 113, 1.761, 706, 52.691
"benchmarks_wbs/wbs_arch2bis.ltl_4.vmt", 89, 95, 45.579, 901, 147.458
"benchmarks_wbs/wbs_arch2bis.ltl_52.vmt", 89, 95, 0.355, 665, 44.003
"benchmarks_wbs/wbs_arch2bis.ltl_53.vmt", 89, 113, 2.918, 706, 56.389
"benchmarks_wbs/wbs_arch2bis.ltl_56.vmt", 55, 59, 0.322, 1258, 161.798
"benchmarks_wbs/wbs_arch2bis.ltl_57.vmt", 55, 59, 0.416, 1258, 136.194
"benchmarks_wbs/wbs_arch2bis.ltl_58.vmt", 55, 59, 2.630, 1430, 196.715
"benchmarks_wbs/wbs_arch2bis.ltl_59.vmt", 55, 59, 0.301, 978, 130.334
"benchmarks_wbs/wbs_arch2bis.ltl_5.vmt", 89, 95, 51.935, 869, 50.032
"benchmarks_wbs/wbs_arch2bis.ltl_60.vmt", 55, 59, 0.454, 978, 120.888
"benchmarks_wbs/wbs_arch2bis.ltl_61.vmt", 55, 59, 0.450, 978, 97.880
"benchmarks_wbs/wbs_arch2bis.ltl_62.vmt", 55, 59, 0.290, 978, 129.509
"benchmarks_wbs/wbs_arch2bis.ltl_63.vmt", 55, 59, 0.273, 978, 122.662
"benchmarks_wbs/wbs_arch2bis.ltl_64.vmt", 55, 59, 0.289, 978, 103.095
"benchmarks_wbs/wbs_arch2bis.ltl_65.vmt", 55, 59, 0.371, 978, 131.994
"benchmarks_wbs/wbs_arch2bis.ltl_66.vmt", 55, 59, 0.343, 978, 151.556
"benchmarks_wbs/wbs_arch2bis.ltl_67.vmt", 55, 59, 0.414, 978, 88.500
"benchmarks_wbs/wbs_arch2bis.ltl_68.vmt", 55, 59, 0.553, 978, 104.195
"benchmarks_wbs/wbs_arch2bis.ltl_69.vmt", 55, 59, 0.455, 978, 120.662
"benchmarks_wbs/wbs_arch2bis.ltl_6.vmt", 89, 103, 1.795, 593, 25.818
"benchmarks_wbs/wbs_arch2bis.ltl_70.vmt", 55, 59, 0.365, 978, 99.597
"benchmarks_wbs/wbs_arch2bis.ltl_71.vmt", 28, 28, 0.013, 31, 0.548
"benchmarks_wbs/wbs_arch2bis.ltl_72.vmt", 28, 28, 0.015, 31, 0.544
"benchmarks_wbs/wbs_arch2bis.ltl_73.vmt", 28, 28, 0.024, 31, 0.344
"benchmarks_wbs/wbs_arch2bis.ltl_74.vmt", 28, 28, 0.022, 31, 0.587
"benchmarks_wbs/wbs_arch2bis.ltl_75.vmt", 28, 28, 0.016, 31, 0.355
"benchmarks_wbs/wbs_arch2bis.ltl_76.vmt", 28, 28, 0.022, 31, 0.444
"benchmarks_wbs/wbs_arch2bis.ltl_77.vmt", 28, 28, 0.020, 31, 0.586
"benchmarks_wbs/wbs_arch2bis.ltl_78.vmt", 28, 28, 0.013, 31, 0.361
"benchmarks_wbs/wbs_arch2bis.ltl_79.vmt", 28, 28, 0.014, 31, 0.557
"benchmarks_wbs/wbs_arch2bis.ltl_80.vmt", 28, 28, 0.020, 31, 0.625
"benchmarks_wbs/wbs_arch2bis.ltl_81.vmt", 28, 28, 0.014, 31, 0.554
"benchmarks_wbs/wbs_arch2bis.ltl_82.vmt", 28, 28, 0.018, 31, 0.567
"benchmarks_wbs/wbs_arch2bis.ltl_83.vmt", 28, 28, 0.010, 31, 0.547
"benchmarks_wbs/wbs_arch2bis.ltl_84.vmt", 27, 31, 0.253, 128, 1.776
"benchmarks_wbs/wbs_arch2bis.ltl_85.vmt", 27, 31, 0.191, 128, 1.439
"benchmarks_wbs/wbs_arch2bis.ltl_86.vmt", 27, 31, 0.187, 128, 2.491
"benchmarks_wbs/wbs_arch2bis.ltl_87.vmt", 27, 31, 0.264, 128, 1.472
"benchmarks_wbs/wbs_arch2bis.ltl_88.vmt", 27, 31, 0.141, 128, 2.557
"benchmarks_wbs/wbs_arch2bis.ltl_89.vmt", 27, 31, 0.191, 128, 2.577
"benchmarks_wbs/wbs_arch2bis.ltl_8.vmt", 89, 103, 2.245, 593, 38.780
"benchmarks_wbs/wbs_arch2bis.ltl_90.vmt", 27, 31, 0.126, 128, 2.646
"benchmarks_wbs/wbs_arch2bis.ltl_91.vmt", 27, 31, 0.182, 128, 1.418
"benchmarks_wbs/wbs_arch2bis.ltl_92.vmt", 27, 31, 0.125, 128, 1.391
"benchmarks_wbs/wbs_arch2bis.ltl_93.vmt", 27, 31, 0.151, 128, 1.465
"benchmarks_wbs/wbs_arch2bis.ltl_94.vmt", 27, 31, 0.223, 128, 2.670
"benchmarks_wbs/wbs_arch2bis.ltl_95.vmt", 27, 31, 0.163, 128, 2.427
"benchmarks_wbs/wbs_arch2bis.ltl_96.vmt", 14, 18, 0.225, 183, 5.858
"benchmarks_wbs/wbs_arch2bis.ltl_97.vmt", 149, 153, 0.934, 2222, 576.918
"benchmarks_wbs/wbs_arch2bis.ltl_98.vmt", 149, 153, 0.814, 2222, 620.127
"benchmarks_wbs/wbs_arch2bis.ltl_99.vmt", 149, 153, 0.753, 2222, 536.465
"benchmarks_wbs/wbs_arch3.ltl_100.vmt", 27, 31, 0.148, 128, 1.756
"benchmarks_wbs/wbs_arch3.ltl_101.vmt", 27, 31, 0.159, 128, 2.387
"benchmarks_wbs/wbs_arch3.ltl_102.vmt", 27, 31, 0.188, 128, 2.123
"benchmarks_wbs/wbs_arch3.ltl_103.vmt", 27, 31, 0.199, 128, 1.656
"benchmarks_wbs/wbs_arch3.ltl_104.vmt", 27, 31, 0.206, 128, 2.534
"benchmarks_wbs/wbs_arch3.ltl_105.vmt", 27, 31, 0.181, 128, 2.604
"benchmarks_wbs/wbs_arch3.ltl_106.vmt", 27, 31, 0.226, 128, 2.738
"benchmarks_wbs/wbs_arch3.ltl_107.vmt", 27, 31, 0.198, 128, 2.445
"benchmarks_wbs/wbs_arch3.ltl_108.vmt", 27, 31, 0.194, 128, 2.983
"benchmarks_wbs/wbs_arch3.ltl_109.vmt", 14, 18, 0.211, 183, 5.684
"benchmarks_wbs/wbs_arch3.ltl_10.vmt", 89, 103, 1.775, 589, 26.575
"benchmarks_wbs/wbs_arch3.ltl_110.vmt", 149, 153, 1.304, 2206, 623.974
"benchmarks_wbs/wbs_arch3.ltl_111.vmt", 149, 153, 0.802, 2206, 574.094
"benchmarks_wbs/wbs_arch3.ltl_112.vmt", 149, 153, 1.373, 2206, 623.524
"benchmarks_wbs/wbs_arch3.ltl_113.vmt", 150, 155, 0.776, 268, 9.996
"benchmarks_wbs/wbs_arch3.ltl_114.vmt", 150, 155, 0.616, 252, 8.515
"benchmarks_wbs/wbs_arch3.ltl_115.vmt", 149, 153, 1.252, 1910, 354.175
"benchmarks_wbs/wbs_arch3.ltl_116.vmt", 149, 153, 1.481, 1910, 391.292
"benchmarks_wbs/wbs_arch3.ltl_117.vmt", 150, 155, 0.552, 190, 3.457
"benchmarks_wbs/wbs_arch3.ltl_118.vmt", 150, 157, 0.742, 201, 3.387
"benchmarks_wbs/wbs_arch3.ltl_119.vmt", 150, 155, 0.547, 190, 1.925
"benchmarks_wbs/wbs_arch3.ltl_120.vmt", 150, 157, 0.677, 201, 2.703
"benchmarks_wbs/wbs_arch3.ltl_121.vmt", 150, 155, 0.611, 190, 2.648
"benchmarks_wbs/wbs_arch3.ltl_122.vmt", 150, 157, 0.652, 201, 3.317
"benchmarks_wbs/wbs_arch3.ltl_123.vmt", 150, 155, 0.911, 190, 2.977
"benchmarks_wbs/wbs_arch3.ltl_124.vmt", 150, 157, 0.540, 201, 2.635
"benchmarks_wbs/wbs_arch3.ltl_125.vmt", 150, 155, 0.474, 190, 2.318
"benchmarks_wbs/wbs_arch3.ltl_126.vmt", 150, 157, 0.513, 201, 3.319
"benchmarks_wbs/wbs_arch3.ltl_127.vmt", 150, 155, 0.495, 190, 2.932
"benchmarks_wbs/wbs_arch3.ltl_128.vmt", 150, 157, 0.550, 201, 2.823
"benchmarks_wbs/wbs_arch3.ltl_129.vmt", 150, 155, 0.592, 190, 2.268
"benchmarks_wbs/wbs_arch3.ltl_12.vmt", 89, 103, 2.426, 589, 27.201
"benchmarks_wbs/wbs_arch3.ltl_130.vmt", 150, 157, 0.989, 201, 2.528
"benchmarks_wbs/wbs_arch3.ltl_131.vmt", 150, 155, 3.863, 190, 1.651
"benchmarks_wbs/wbs_arch3.ltl_132.vmt", 150, 157, 0.974, 201, 2.610
"benchmarks_wbs/wbs_arch3.ltl_133.vmt", 149, 153, 1.117, 350, 9.778
"benchmarks_wbs/wbs_arch3.ltl_134.vmt", 44, 44, 0.032, 47, 0.646
"benchmarks_wbs/wbs_arch3.ltl_135.vmt", 44, 44, 0.021, 47, 0.631
"benchmarks_wbs/wbs_arch3.ltl_136.vmt", 44, 44, 0.026, 47, 0.639
"benchmarks_wbs/wbs_arch3.ltl_137.vmt", 44, 44, 0.025, 47, 0.624
"benchmarks_wbs/wbs_arch3.ltl_138.vmt", 44, 44, 0.014, 47, 1.104
"benchmarks_wbs/wbs_arch3.ltl_139.vmt", 44, 44, 0.020, 47, 1.071
"benchmarks_wbs/wbs_arch3.ltl_140.vmt", 44, 44, 0.029, 47, 0.898
"benchmarks_wbs/wbs_arch3.ltl_141.vmt", 44, 44, 0.016, 47, 1.065
"benchmarks_wbs/wbs_arch3.ltl_142.vmt", 42, 46, 0.300, 231, 10.895
"benchmarks_wbs/wbs_arch3.ltl_143.vmt", 42, 46, 0.250, 231, 13.124
"benchmarks_wbs/wbs_arch3.ltl_144.vmt", 42, 46, 0.313, 231, 10.102
"benchmarks_wbs/wbs_arch3.ltl_145.vmt", 42, 46, 0.241, 231, 11.301
"benchmarks_wbs/wbs_arch3.ltl_146.vmt", 28, 32, 0.217, 445, 16.354
"benchmarks_wbs/wbs_arch3.ltl_14.vmt", 89, 103, 1.555, 589, 26.308
"benchmarks_wbs/wbs_arch3.ltl_16.vmt", 89, 103, 1.869, 589, 35.676
"benchmarks_wbs/wbs_arch3.ltl_18.vmt", 89, 103, 1.621, 589, 22.704
"benchmarks_wbs/wbs_arch3.ltl_1.vmt", 89, 95, 4.107, 1081, 155.128
"benchmarks_wbs/wbs_arch3.ltl_20.vmt", 89, 103, 1.533, 589, 24.626
"benchmarks_wbs/wbs_arch3.ltl_22.vmt", 89, 95, 1.352, 801, 56.313
"benchmarks_wbs/wbs_arch3.ltl_23.vmt", 89, 95, 1.038, 801, 53.824
"benchmarks_wbs/wbs_arch3.ltl_24.vmt", 89, 95, 0.290, 655, 38.419
"benchmarks_wbs/wbs_arch3.ltl_25.vmt", 89, 113, 3.223, 696, 39.774
"benchmarks_wbs/wbs_arch3.ltl_28.vmt", 89, 95, 0.296, 655, 40.653
"benchmarks_wbs/wbs_arch3.ltl_29.vmt", 89, 113, 4.721, 696, 47.774
"benchmarks_wbs/wbs_arch3.ltl_2.vmt", 89, 95, 26.884, 1081, 119.168
"benchmarks_wbs/wbs_arch3.ltl_32.vmt", 89, 95, 0.574, 655, 32.589
"benchmarks_wbs/wbs_arch3.ltl_33.vmt", 89, 113, 6.952, 696, 41.832
"benchmarks_wbs/wbs_arch3.ltl_36.vmt", 89, 95, 0.598, 655, 37.065
"benchmarks_wbs/wbs_arch3.ltl_37.vmt", 89, 113, 7.262, 696, 46.016
"benchmarks_wbs/wbs_arch3.ltl_3.vmt", 89, 95, 111.441, 1081, 177.679
"benchmarks_wbs/wbs_arch3.ltl_40.vmt", 89, 95, 0.536, 655, 38.185
"benchmarks_wbs/wbs_arch3.ltl_41.vmt", 89, 113, 7.359, 696, 38.211
"benchmarks_wbs/wbs_arch3.ltl_44.vmt", 89, 95, 0.253, 655, 23.409
"benchmarks_wbs/wbs_arch3.ltl_45.vmt", 89, 113, 4.552, 696, 26.358
"benchmarks_wbs/wbs_arch3.ltl_48.vmt", 89, 95, 0.291, 655, 23.955
"benchmarks_wbs/wbs_arch3.ltl_49.vmt", 89, 113, 6.227, 696, 46.045
"benchmarks_wbs/wbs_arch3.ltl_4.vmt", 89, 95, 88.716, 901, 116.629
"benchmarks_wbs/wbs_arch3.ltl_52.vmt", 89, 95, 0.427, 655, 29.101
"benchmarks_wbs/wbs_arch3.ltl_53.vmt", 89, 113, 7.160, 696, 46.542
"benchmarks_wbs/wbs_arch3.ltl_56.vmt", 29, 33, 0.231, 578, 48.682
"benchmarks_wbs/wbs_arch3.ltl_57.vmt", 29, 33, 0.156, 578, 50.751
"benchmarks_wbs/wbs_arch3.ltl_58.vmt", 29, 29, 0.017, 32, 0.589
"benchmarks_wbs/wbs_arch3.ltl_59.vmt", 29, 29, 0.026, 32, 0.586
"benchmarks_wbs/wbs_arch3.ltl_5.vmt", 89, 95, 76.055, 869, 50.351
"benchmarks_wbs/wbs_arch3.ltl_60.vmt", 29, 29, 0.025, 32, 0.603
"benchmarks_wbs/wbs_arch3.ltl_61.vmt", 29, 29, 0.016, 32, 0.607
"benchmarks_wbs/wbs_arch3.ltl_62.vmt", 29, 29, 0.016, 32, 0.589
"benchmarks_wbs/wbs_arch3.ltl_63.vmt", 29, 29, 0.020, 32, 0.639
"benchmarks_wbs/wbs_arch3.ltl_64.vmt", 29, 29, 0.019, 32, 0.581
"benchmarks_wbs/wbs_arch3.ltl_65.vmt", 29, 29, 0.029, 32, 0.628
"benchmarks_wbs/wbs_arch3.ltl_66.vmt", 29, 29, 0.018, 32, 0.601
"benchmarks_wbs/wbs_arch3.ltl_67.vmt", 29, 29, 0.020, 32, 0.563
"benchmarks_wbs/wbs_arch3.ltl_68.vmt", 29, 29, 0.013, 32, 0.394
"benchmarks_wbs/wbs_arch3.ltl_69.vmt", 29, 29, 0.014, 32, 0.345
"benchmarks_wbs/wbs_arch3.ltl_6.vmt", 89, 103, 3.088, 589, 38.355
"benchmarks_wbs/wbs_arch3.ltl_70.vmt", 29, 29, 0.016, 32, 0.630
"benchmarks_wbs/wbs_arch3.ltl_71.vmt", 55, 59, 2.269, 1430, 206.208
"benchmarks_wbs/wbs_arch3.ltl_72.vmt", 55, 59, 0.364, 978, 133.708
"benchmarks_wbs/wbs_arch3.ltl_73.vmt", 55, 59, 0.366, 978, 129.680
"benchmarks_wbs/wbs_arch3.ltl_74.vmt", 55, 59, 0.278, 978, 152.391
"benchmarks_wbs/wbs_arch3.ltl_75.vmt", 55, 59, 0.291, 978, 117.528
"benchmarks_wbs/wbs_arch3.ltl_76.vmt", 55, 59, 0.302, 978, 125.716
"benchmarks_wbs/wbs_arch3.ltl_77.vmt", 55, 59, 0.346, 978, 113.138
"benchmarks_wbs/wbs_arch3.ltl_78.vmt", 55, 59, 0.270, 978, 126.060
"benchmarks_wbs/wbs_arch3.ltl_79.vmt", 55, 59, 0.401, 978, 99.882
"benchmarks_wbs/wbs_arch3.ltl_80.vmt", 55, 59, 0.318, 978, 95.806
"benchmarks_wbs/wbs_arch3.ltl_81.vmt", 55, 59, 0.459, 978, 126.876
"benchmarks_wbs/wbs_arch3.ltl_82.vmt", 55, 59, 0.287, 978, 152.902
"benchmarks_wbs/wbs_arch3.ltl_83.vmt", 55, 59, 0.315, 978, 154.396
"benchmarks_wbs/wbs_arch3.ltl_84.vmt", 28, 28, 0.016, 31, 0.547
"benchmarks_wbs/wbs_arch3.ltl_85.vmt", 28, 28, 0.015, 31, 0.550
"benchmarks_wbs/wbs_arch3.ltl_86.vmt", 28, 28, 0.015, 31, 0.558
"benchmarks_wbs/wbs_arch3.ltl_87.vmt", 28, 28, 0.018, 31, 0.559
"benchmarks_wbs/wbs_arch3.ltl_88.vmt", 28, 28, 0.012, 31, 0.541
"benchmarks_wbs/wbs_arch3.ltl_89.vmt", 28, 28, 0.012, 31, 0.566
"benchmarks_wbs/wbs_arch3.ltl_8.vmt", 89, 103, 1.860, 589, 28.942
"benchmarks_wbs/wbs_arch3.ltl_90.vmt", 28, 28, 0.015, 31, 0.412
"benchmarks_wbs/wbs_arch3.ltl_91.vmt", 28, 28, 0.014, 31, 0.523
"benchmarks_wbs/wbs_arch3.ltl_92.vmt", 28, 28, 0.014, 31, 0.593
"benchmarks_wbs/wbs_arch3.ltl_93.vmt", 28, 28, 0.025, 31, 0.586
"benchmarks_wbs/wbs_arch3.ltl_94.vmt", 28, 28, 0.013, 31, 0.556
"benchmarks_wbs/wbs_arch3.ltl_95.vmt", 28, 28, 0.023, 31, 0.653
"benchmarks_wbs/wbs_arch3.ltl_96.vmt", 28, 28, 0.015, 31, 0.541
"benchmarks_wbs/wbs_arch3.ltl_97.vmt", 27, 31, 0.205, 128, 2.814
"benchmarks_wbs/wbs_arch3.ltl_98.vmt", 27, 31, 0.138, 128, 2.634
"benchmarks_wbs/wbs_arch3.ltl_99.vmt", 27, 31, 0.147, 128, 2.621
"benchmarks_wbs/wbs_arch4.ltl_100.vmt", 27, 31, 0.222, 128, 1.552
"benchmarks_wbs/wbs_arch4.ltl_101.vmt", 27, 31, 0.221, 128, 1.291
"benchmarks_wbs/wbs_arch4.ltl_102.vmt", 27, 31, 0.235, 128, 1.194
"benchmarks_wbs/wbs_arch4.ltl_103.vmt", 27, 31, 0.212, 128, 1.239
"benchmarks_wbs/wbs_arch4.ltl_104.vmt", 27, 31, 0.209, 128, 1.611
"benchmarks_wbs/wbs_arch4.ltl_105.vmt", 27, 31, 0.208, 128, 1.555
"benchmarks_wbs/wbs_arch4.ltl_106.vmt", 27, 31, 0.222, 128, 1.852
"benchmarks_wbs/wbs_arch4.ltl_107.vmt", 27, 31, 0.213, 128, 2.270
"benchmarks_wbs/wbs_arch4.ltl_108.vmt", 27, 31, 0.226, 128, 2.319
"benchmarks_wbs/wbs_arch4.ltl_109.vmt", 14, 18, 0.216, 183, 4.267
"benchmarks_wbs/wbs_arch4.ltl_10.vmt", 89, 103, 1.372, 593, 28.466
"benchmarks_wbs/wbs_arch4.ltl_110.vmt", 149, 153, 1.185, 2208, 494.501
"benchmarks_wbs/wbs_arch4.ltl_111.vmt", 149, 153, 1.225, 2208, 459.548
"benchmarks_wbs/wbs_arch4.ltl_112.vmt", 149, 153, 1.085, 2208, 452.402
"benchmarks_wbs/wbs_arch4.ltl_113.vmt", 150, 155, 0.523, 268, 6.725
"benchmarks_wbs/wbs_arch4.ltl_114.vmt", 150, 155, 0.700, 252, 9.840
"benchmarks_wbs/wbs_arch4.ltl_115.vmt", 149, 153, 1.954, 1912, 269.034
"benchmarks_wbs/wbs_arch4.ltl_116.vmt", 149, 153, 2.119, 1912, 234.357
"benchmarks_wbs/wbs_arch4.ltl_117.vmt", 150, 155, 0.875, 194, 1.354
"benchmarks_wbs/wbs_arch4.ltl_118.vmt", 150, 157, 0.809, 205, 1.503
"benchmarks_wbs/wbs_arch4.ltl_119.vmt", 150, 155, 0.566, 194, 1.207
"benchmarks_wbs/wbs_arch4.ltl_120.vmt", 150, 157, 0.559, 205, 1.382
"benchmarks_wbs/wbs_arch4.ltl_121.vmt", 150, 155, 0.579, 194, 1.330
"benchmarks_wbs/wbs_arch4.ltl_122.vmt", 150, 157, 0.500, 205, 1.383
"benchmarks_wbs/wbs_arch4.ltl_123.vmt", 150, 155, 0.563, 194, 1.202
"benchmarks_wbs/wbs_arch4.ltl_124.vmt", 150, 157, 0.569, 205, 1.522
"benchmarks_wbs/wbs_arch4.ltl_125.vmt", 150, 155, 0.557, 194, 1.198
"benchmarks_wbs/wbs_arch4.ltl_126.vmt", 150, 157, 0.706, 205, 1.364
"benchmarks_wbs/wbs_arch4.ltl_127.vmt", 150, 155, 0.589, 194, 1.175
"benchmarks_wbs/wbs_arch4.ltl_128.vmt", 150, 157, 0.594, 205, 1.310
"benchmarks_wbs/wbs_arch4.ltl_129.vmt", 150, 155, 0.796, 194, 1.137
"benchmarks_wbs/wbs_arch4.ltl_12.vmt", 89, 103, 1.981, 593, 20.279
"benchmarks_wbs/wbs_arch4.ltl_130.vmt", 150, 157, 0.810, 205, 1.374
"benchmarks_wbs/wbs_arch4.ltl_131.vmt", 150, 155, 0.859, 194, 1.240
"benchmarks_wbs/wbs_arch4.ltl_132.vmt", 150, 157, 0.530, 205, 1.328
"benchmarks_wbs/wbs_arch4.ltl_133.vmt", 149, 153, 0.885, 350, 8.758
"benchmarks_wbs/wbs_arch4.ltl_134.vmt", 44, 44, 0.022, 47, 0.634
"benchmarks_wbs/wbs_arch4.ltl_135.vmt", 44, 44, 0.020, 47, 0.644
"benchmarks_wbs/wbs_arch4.ltl_136.vmt", 44, 44, 0.021, 47, 0.555
"benchmarks_wbs/wbs_arch4.ltl_137.vmt", 44, 44, 0.020, 47, 0.548
"benchmarks_wbs/wbs_arch4.ltl_138.vmt", 44, 44, 0.020, 47, 0.547
"benchmarks_wbs/wbs_arch4.ltl_139.vmt", 44, 44, 0.021, 47, 0.550
"benchmarks_wbs/wbs_arch4.ltl_140.vmt", 44, 44, 0.021, 47, 0.794
"benchmarks_wbs/wbs_arch4.ltl_141.vmt", 44, 44, 0.020, 47, 1.015
"benchmarks_wbs/wbs_arch4.ltl_142.vmt", 42, 46, 0.258, 231, 7.783
"benchmarks_wbs/wbs_arch4.ltl_143.vmt", 42, 46, 0.305, 231, 6.234
"benchmarks_wbs/wbs_arch4.ltl_144.vmt", 42, 46, 0.376, 231, 7.011
"benchmarks_wbs/wbs_arch4.ltl_145.vmt", 42, 46, 0.359, 231, 5.416
"benchmarks_wbs/wbs_arch4.ltl_146.vmt", 28, 32, 0.299, 445, 14.164
"benchmarks_wbs/wbs_arch4.ltl_14.vmt", 89, 103, 2.685, 593, 23.717
"benchmarks_wbs/wbs_arch4.ltl_16.vmt", 89, 103, 3.390, 593, 21.106
"benchmarks_wbs/wbs_arch4.ltl_18.vmt", 89, 103, 2.008, 593, 19.188
"benchmarks_wbs/wbs_arch4.ltl_1.vmt", 89, 95, 8.996, 1103, 115.990
"benchmarks_wbs/wbs_arch4.ltl_20.vmt", 89, 103, 2.020, 593, 29.260
"benchmarks_wbs/wbs_arch4.ltl_22.vmt", 89, 95, 1.718, 815, 52.622
"benchmarks_wbs/wbs_arch4.ltl_23.vmt", 89, 95, 1.642, 815, 52.087
"benchmarks_wbs/wbs_arch4.ltl_24.vmt", 89, 95, 0.457, 663, 21.760
"benchmarks_wbs/wbs_arch4.ltl_25.vmt", 89, 113, 1.879, 704, 29.690
"benchmarks_wbs/wbs_arch4.ltl_28.vmt", 89, 95, 0.402, 663, 25.571
"benchmarks_wbs/wbs_arch4.ltl_29.vmt", 89, 113, 3.475, 704, 26.674
"benchmarks_wbs/wbs_arch4.ltl_2.vmt", 89, 95, 125.670, 1105, 113.218
"benchmarks_wbs/wbs_arch4.ltl_32.vmt", 89, 95, 0.544, 663, 20.608
"benchmarks_wbs/wbs_arch4.ltl_33.vmt", 89, 113, 1.899, 704, 26.708
"benchmarks_wbs/wbs_arch4.ltl_36.vmt", 89, 95, 0.573, 663, 20.003
"benchmarks_wbs/wbs_arch4.ltl_37.vmt", 89, 113, 3.015, 704, 28.377
"benchmarks_wbs/wbs_arch4.ltl_3.vmt", 89, 95, 122.010, 1105, 115.765
"benchmarks_wbs/wbs_arch4.ltl_40.vmt", 89, 95, 0.835, 663, 20.786
"benchmarks_wbs/wbs_arch4.ltl_41.vmt", 89, 113, 4.140, 704, 24.168
"benchmarks_wbs/wbs_arch4.ltl_44.vmt", 89, 95, 0.393, 663, 19.909
"benchmarks_wbs/wbs_arch4.ltl_45.vmt", 89, 113, 4.551, 704, 23.806
"benchmarks_wbs/wbs_arch4.ltl_48.vmt", 89, 95, 0.519, 663, 20.850
"benchmarks_wbs/wbs_arch4.ltl_49.vmt", 89, 113, 3.685, 704, 24.064
"benchmarks_wbs/wbs_arch4.ltl_4.vmt", 89, 95, 64.752, 901, 67.871
"benchmarks_wbs/wbs_arch4.ltl_52.vmt", 89, 95, 0.287, 663, 19.796
"benchmarks_wbs/wbs_arch4.ltl_53.vmt", 89, 113, 3.049, 704, 23.981
"benchmarks_wbs/wbs_arch4.ltl_56.vmt", 29, 33, 0.144, 578, 26.256
"benchmarks_wbs/wbs_arch4.ltl_57.vmt", 29, 33, 0.228, 578, 26.246
"benchmarks_wbs/wbs_arch4.ltl_58.vmt", 29, 29, 0.012, 32, 0.327
"benchmarks_wbs/wbs_arch4.ltl_59.vmt", 29, 29, 0.016, 32, 0.397
"benchmarks_wbs/wbs_arch4.ltl_5.vmt", 89, 95, 58.764, 869, 37.283
"benchmarks_wbs/wbs_arch4.ltl_60.vmt", 29, 29, 0.013, 32, 0.321
"benchmarks_wbs/wbs_arch4.ltl_61.vmt", 29, 29, 0.014, 32, 0.381
"benchmarks_wbs/wbs_arch4.ltl_62.vmt", 29, 29, 0.012, 32, 0.314
"benchmarks_wbs/wbs_arch4.ltl_63.vmt", 29, 29, 0.014, 32, 0.315
"benchmarks_wbs/wbs_arch4.ltl_64.vmt", 29, 29, 0.017, 32, 0.319
"benchmarks_wbs/wbs_arch4.ltl_65.vmt", 29, 29, 0.022, 32, 0.315
"benchmarks_wbs/wbs_arch4.ltl_66.vmt", 29, 29, 0.012, 32, 0.381
"benchmarks_wbs/wbs_arch4.ltl_67.vmt", 29, 29, 0.013, 32, 0.319
"benchmarks_wbs/wbs_arch4.ltl_68.vmt", 29, 29, 0.013, 32, 0.306
"benchmarks_wbs/wbs_arch4.ltl_69.vmt", 29, 29, 0.015, 32, 0.360
"benchmarks_wbs/wbs_arch4.ltl_6.vmt", 89, 103, 1.361, 593, 19.746
"benchmarks_wbs/wbs_arch4.ltl_70.vmt", 29, 29, 0.018, 32, 0.311
"benchmarks_wbs/wbs_arch4.ltl_71.vmt", 55, 59, 1.738, 1430, 114.659
"benchmarks_wbs/wbs_arch4.ltl_72.vmt", 55, 59, 0.270, 978, 92.701
"benchmarks_wbs/wbs_arch4.ltl_73.vmt", 55, 59, 0.357, 978, 94.064
"benchmarks_wbs/wbs_arch4.ltl_74.vmt", 55, 59, 0.292, 978, 84.225
"benchmarks_wbs/wbs_arch4.ltl_75.vmt", 55, 59, 0.248, 978, 87.902
"benchmarks_wbs/wbs_arch4.ltl_76.vmt", 55, 59, 0.268, 978, 91.462
"benchmarks_wbs/wbs_arch4.ltl_77.vmt", 55, 59, 0.311, 978, 88.028
"benchmarks_wbs/wbs_arch4.ltl_78.vmt", 55, 59, 0.284, 978, 109.194
"benchmarks_wbs/wbs_arch4.ltl_79.vmt", 55, 59, 0.293, 978, 123.351
"benchmarks_wbs/wbs_arch4.ltl_80.vmt", 55, 59, 0.259, 978, 128.836
"benchmarks_wbs/wbs_arch4.ltl_81.vmt", 55, 59, 0.283, 978, 120.509
"benchmarks_wbs/wbs_arch4.ltl_82.vmt", 55, 59, 0.307, 978, 131.741
"benchmarks_wbs/wbs_arch4.ltl_83.vmt", 55, 59, 0.335, 978, 118.055
"benchmarks_wbs/wbs_arch4.ltl_84.vmt", 28, 28, 0.013, 31, 0.456
"benchmarks_wbs/wbs_arch4.ltl_85.vmt", 28, 28, 0.009, 31, 0.544
"benchmarks_wbs/wbs_arch4.ltl_86.vmt", 28, 28, 0.016, 31, 0.452
"benchmarks_wbs/wbs_arch4.ltl_87.vmt", 28, 28, 0.009, 31, 0.455
"benchmarks_wbs/wbs_arch4.ltl_88.vmt", 28, 28, 0.009, 31, 0.538
"benchmarks_wbs/wbs_arch4.ltl_89.vmt", 28, 28, 0.014, 31, 0.384
"benchmarks_wbs/wbs_arch4.ltl_8.vmt", 89, 103, 1.717, 593, 40.118
"benchmarks_wbs/wbs_arch4.ltl_90.vmt", 28, 28, 0.013, 31, 0.587
"benchmarks_wbs/wbs_arch4.ltl_91.vmt", 28, 28, 0.017, 31, 0.556
"benchmarks_wbs/wbs_arch4.ltl_92.vmt", 28, 28, 0.015, 31, 0.450
"benchmarks_wbs/wbs_arch4.ltl_93.vmt", 28, 28, 0.009, 31, 0.390
"benchmarks_wbs/wbs_arch4.ltl_94.vmt", 28, 28, 0.013, 31, 0.358
"benchmarks_wbs/wbs_arch4.ltl_95.vmt", 28, 28, 0.017, 31, 0.463
"benchmarks_wbs/wbs_arch4.ltl_96.vmt", 28, 28, 0.015, 31, 0.434
"benchmarks_wbs/wbs_arch4.ltl_97.vmt", 27, 31, 0.198, 128, 2.118
"benchmarks_wbs/wbs_arch4.ltl_98.vmt", 27, 31, 0.143, 128, 2.160
"benchmarks_wbs/wbs_arch4.ltl_99.vmt", 27, 31, 0.132, 128, 2.123
